# pre-flip -> post-flip sha map, saltworks
# derived by docs/ledger-tools/flipmap.sh from refs/pre-flip/master (2b9dd57) -> HEAD (19c59a1)
# validated 5/5 against the helm citation-law pairs of 08/16 19:20
# columns: pre<TAB>post<TAB>key-strength   -- date-only rows rest on WEAKER evidence
0001855	b716baf	date+subject
002abc1	58a032f	date+subject
0083614	f2bcc79	date+subject
00e056b	4970292	date+subject
00e742d	156622c	date+subject
00ecdf0	92a80a8	date+subject
0114e70	d01d4dd	date+subject
013a55f	bec889f	date+subject
01480f9	4576822	date+subject
019ab93	54b46b2	date+subject
01a7a18	afb6a2e	date+subject
01d67a5	55831de	date+subject
02155be	db0f129	date+subject
021a691	07d15ce	date+subject
0236c15	1049551	date+subject
023a9fb	b44a2e9	date+subject
023b69c	28a0390	date+subject
026f27f	7096e6d	date+subject
0279ccf	7e13a3e	date+subject
027a552	05cdc53	date+subject
029281a	095f649	date+subject
02db79b	cda22ed	date+subject
02ee9ea	cd56f56	date+subject
030d72e	6d3990b	date+subject
032a02c	1fffd08	date+subject
0336feb	607bc53	date+subject
0364ff7	e0a8003	date+subject
0368c2c	2fa1591	date+subject
03c4396	4e6d3f9	date+subject
03cbd06	1c2a2e3	date+subject
03f5885	6784ba7	date+subject
03fc8e1	3d4ee06	date+subject
041cae9	5308766	date+subject
043a48b	eefe29c	date+subject
04629e9	dd09680	date+subject
04927b5	285ff3a	date+subject
04a2ecc	c99300c	date+subject
04c7c9f	1c9b878	date+subject
04c9db6	543eaea	date+subject
05030c4	20d34ce	date+subject
051f81e	5e7b496	date+subject
05560cd	90bd022	date+subject
055e1aa	c568fce	date+subject
058eda8	0ac7ed2	date+subject
05a59ec	0b84ef1	date+subject
05ae340	c479221	date+subject
05b1779	ed1c471	date+subject
05b3578	5c252fb	date+subject
05f423f	ea165b0	date+subject
06033ae	d21d655	date+subject
0620d5a	8996f2d	date+subject
0625cc8	1cfd919	date+subject
0637f74	fdf338f	date+subject
063d174	eb2f4a5	date+subject
074762c	ecb3c54	date+subject
076c9b0	30f70d8	date+subject
0799540	63aa23b	date+subject
07e0a46	25a2f4e	date+subject
07e9df4	6885cda	date+subject
07f6040	08d8eb6	date+subject
08073e7	1fa86da	date+subject
085e20b	dcbc3ff	date+subject
088f04a	bf5f09a	date+subject
08a5de2	a5f71b1	date+subject
08d5bd4	ace38c1	date+subject
08f7151	1e0d019	date+subject
090d38c	56bb9e0	date+subject
097b41e	00b35c7	date+subject
0a1e2ab	880fefa	date+subject
0a51abe	8016ef5	date+subject
0a78732	432b42f	date+subject
0aa32ae	48c5093	date+subject
0aad951	82e64c1	date+subject
0abee4e	e015ae0	date+subject
0b0b64b	9a87370	date+subject
0b1bcc6	25c7a94	date+subject
0b22799	2a3ad58	date+subject
0b4c82e	94ae91c	date+subject
0b4f72f	bddc114	date+subject
0b6519d	4f4b012	date+subject
0baa9fd	a79ee30	date+subject
0bb1a8e	73ec160	date+subject
0bbbdd1	13cefb9	date+subject
0befeff	396afb9	date+subject
0c55706	94ce2c3	date+subject
0c58d84	f965ae7	date+subject
0c8fc0c	3feae3e	date+subject
0ca0ce0	b127840	date+subject
0ca9a42	538a592	date+subject
0cbbc38	1b3b16e	date+subject
0cfe691	18926d0	date+subject
0cffb0d	b666f48	date+subject
0d054d2	e40c39d	date+subject
0d16dc0	dd4846b	date+subject
0d293be	8ae57fb	date+subject
0d567c1	cb124df	date+subject
0d62412	d45508d	date+subject
0dbb854	838aec1	date+subject
0e17ecf	73b667f	date+subject
0e3941c	46bb4fa	date+subject
0e48fae	8970cbd	date+subject
0e81d01	f15b458	date+subject
0e88bad	de56bd9	date+subject
0e8a121	e994a31	date+subject
0e923ca	aa28bac	date+subject
0e98030	f22a263	date+subject
0ec9f4f	584490b	date+subject
0ecdf7a	d7b8e8c	date+subject
0ecfb8b	e5ed422	date+subject
0eea286	14b6f50	date+subject
0efbbc4	2ba0048	date+subject
0f10102	ee872a9	date+subject
0f33871	230f645	date+subject
0f4c6d7	23a71a5	date+subject
0fb2d39	6a1d139	date+subject
0ff6f6b	ab3e9c2	date+subject
1026c39	7e8216e	date+subject
1051049	7dd9798	date+subject
10aa8fc	ad647f3	date+subject
10c3ba6	5e2b3c6	date+subject
10c403f	dfdf681	date+subject
10d12f8	cbde969	date+subject
10d1a58	ac1e0da	date+subject
10d90c4	b6d6083	date+subject
10ec8f3	24e2eb9	date+subject
1111135	95f8b99	date+subject
112353b	109c18e	date+subject
1183526	b4d60ac	date+subject
119f6d5	cb00a8a	date+subject
11c2888	537c74e	date+subject
11e175b	eb5d692	date+subject
1258df5	c548b16	date+subject
127ad98	85fbbf5	date+subject
12842ad	4374451	date+subject
128956e	1419e19	date+subject
129ece8	300607b	date+subject
12c0835	463efc1	date+subject
12de775	10eadac	date+subject
1304352	db7f8cb	date+subject
1330d4e	91af2e8	date+subject
1386f88	29f63c2	date+subject
1399ed8	adce119	date+subject
139f6f2	0efc679	date+subject
13cba8f	a2762cf	date+subject
13ed61d	46f0089	date+subject
142c2d8	7c322ff	date+subject
143b32c	a1e459e	date+subject
14710f7	7e8c137	date+subject
148a3d2	3e59244	date+subject
14aa677	2d001e6	date+subject
14bc8b4	493d187	date+subject
15537e0	eeec61b	date+subject
159f8f4	ccf5c88	date+subject
15aa0a5	d595b54	date+subject
15b6c9e	516117f	date+subject
15e2827	9328f9f	date+subject
15e4890	6a9eaa6	date+subject
160b7c0	46dc4c2	date+subject
165a5a2	dcce545	date+subject
1683194	d91658f	date+subject
168cbdb	5bc83f2	date+subject
1699de3	ed9b3ed	date+subject
169eaf5	a2ab770	date+subject
16a0990	ee49032	date+subject
16a58c4	b8a57a3	date+subject
16afbf4	2cf0c17	date+subject
16d4007	47629ea	date+subject
16d40c1	bca6864	date+subject
16d4f37	526d135	date+subject
16e66ce	509de38	date+subject
16efae8	49ca123	date+subject
16fc5a9	414f311	date+subject
1735c44	9eb9467	date+subject
1747bd8	53b01dc	date+subject
178b6c9	8a81793	date+subject
17a7911	daf4c13	date+subject
17b20ff	1f05dc2	date+subject
17b47b5	abc8c68	date+subject
17d9bbc	8d81c1e	date+subject
1831725	85ba820	date+subject
1832bc2	cd999b8	date+subject
1856985	84ce668	date+subject
1866571	ae8de32	date+subject
18a7ef6	a5f2c95	date+subject
18b1299	dc551c4	date+subject
190176e	b31955a	date+subject
190b6a4	d02dbe2	date+subject
19129c4	b16e885	date+subject
1916c44	ddaf0b5	date+subject
196aa56	6467323	date+subject
198200e	e372d1a	date+subject
1988c36	459c93b	date+subject
199504c	ec41ef7	date+subject
19b7898	84307a5	date+subject
19df872	db12648	date+subject
19f3551	04e59f2	date+subject
1a1570a	7356db2	date+subject
1a2ba2c	419b5f2	date+subject
1a32c1d	e0a33d7	date+subject
1a36020	531da95	date+subject
1a70c99	2984099	date+subject
1a8e1fe	f372135	date+subject
1a92292	cf96b72	date+subject
1acaa66	6a2ff5e	date+subject
1b5453c	f67b1fd	date+subject
1b87d6e	0cf431b	date+subject
1b8f8de	09d5b6b	date+subject
1bb4038	6f0b3a5	date+subject
1bc253f	03b23ce	date+subject
1bef849	9ca6da0	date+subject
1c0ca5e	2c4cde0	date+subject
1c1a02e	c5cdef6	date+subject
1c2c880	2311ef9	date+subject
1c3a5af	b6291f3	date+subject
1c45c1e	6ffdc89	date+subject
1c52970	9ba1fca	date+subject
1c8ce8b	829fe3b	date+subject
1c8d8f3	7118f12	date+subject
1ca9fba	1a86a82	date+subject
1cba4a0	093482a	date+subject
1d25aa1	07419eb	date+subject
1d2b9a5	c4fa3fd	date+subject
1d62a71	2eb23f0	date+subject
1d92cfa	c59d94f	date+subject
1d93f10	2af3df6	date+subject
1d9e7d6	994fa2d	date+subject
1db3be8	18b4423	date+subject
1ddae9f	a1f5fd2	date+subject
1e08eeb	60e22d8	date+subject
1e16916	03ef46d	date+subject
1e2f040	47a8790	date+subject
1e62916	152b1a3	date+subject
1ea37ef	b52a74b	date+subject
1f14fe9	54762a9	date+subject
1f19297	433a3cd	date+subject
1f203f3	fad9863	date+subject
1f42242	706289f	date+subject
1f42c23	629487b	date+subject
1f4a313	895b1b8	date+subject
1f4bc6f	47069cf	date+subject
1f5e0b6	2116e46	date+subject
1f6f63e	a2075cd	date+subject
1f7ceee	233b821	date+subject
1f83b9a	2891233	date+subject
1fc518a	d6429e8	date+subject
20025d7	59f17dd	date+subject
202b214	1e2d382	date+subject
202dd11	30977fc	date+subject
203250f	cd41128	date+subject
20831ec	ba22e10	date+subject
20ba82c	7bbe186	date+subject
20cdc83	91e103d	date+subject
20cf38e	038574e	date+subject
2154010	e68b953	date+subject
218c858	2575a86	date+subject
218e4a5	9b2f5fc	date+subject
21e9bb5	8d473db	date+subject
220c63e	1629cfc	date+subject
2214b0f	91e8eda	date+subject
225443a	55a6782	date+subject
228ae83	e279502	date+subject
22a9c02	3b4464d	date+subject
22b8e25	72a3d60	date+subject
22be176	e6364a7	date+subject
22ea383	31ed249	date+subject
2356fed	8c8f2b4	date+subject
2358ab8	eea8605	date+subject
2367bf6	2b1e935	date+subject
236ccff	da34029	date+subject
23c3495	981acc3	date+subject
23c4792	96ece23	date+subject
23dc743	c2660ec	date+subject
23e6039	e6eef82	date+subject
2407006	d5e325f	date+subject
245970f	7c6a614	date+subject
24606ae	43f1035	date+subject
247bb35	5bc46f2	date+subject
248f725	87ecf9e	date+subject
24920e5	e9e222b	date+subject
24bf392	00fd477	date+subject
24d2762	37ec8f1	date+subject
24e7a85	9f09112	date+subject
259ab4b	a908243	date+subject
25c5e46	ad7ee20	date+subject
25c97d6	49b9267	date+subject
25f0632	cb2f67e	date+subject
25f73d3	049e7de	date+subject
260bf43	bd2d408	date+subject
26168f1	1f75292	date+subject
261cc13	487f807	date+subject
262e4f7	5a9df81	date+subject
26353d2	5a03d38	date+subject
267787d	365fa91	date+subject
26865be	1e05b33	date+subject
26ff25e	797cd3e	date+subject
2704fa0	dbf465e	date+subject
271b4d6	de6871c	date+subject
2723c40	e179ba5	date+subject
2781251	d3f1e75	date+subject
2785d88	500fc4d	date+subject
27a1789	0a633ed	date+subject
27ad9f8	6933304	date+subject
27c8526	bd2cdc7	date+subject
27d8867	f52241b	date+subject
28172c9	6f1a8ad	date+subject
28accfa	e85db7e	date+subject
28aeba6	9fd2fd7	date+subject
28db1e5	0888380	date+subject
2919ad4	f4738c4	date+subject
2933a99	cdec960	date+subject
29646cf	d3830ff	date+subject
298b940	66004ae	date+subject
29d28bd	707b979	date+subject
29d7078	0947c1c	date+subject
2a0f1f0	7d8b112	date+subject
2a16a8c	b973038	date+subject
2a27c12	669bc77	date+subject
2a4af2d	fc3880d	date+subject
2ad1cb3	682352c	date+subject
2ad42fe	8f945ea	date+subject
2ae195c	82a90d2	date+subject
2ae5ae3	9c21901	date+subject
2b40e44	e7ab455	date+subject
2b44702	01b06dc	date+subject
2b56654	5c1df61	date+subject
2b65d22	4258821	date+subject
2b9dd57	3d022df	date+subject
2bc6d02	35ecca1	date+subject
2c04abd	d26c496	date+subject
2c3f809	03e4d36	date+subject
2d328d0	ee64503	date+subject
2d4e218	6de24a4	date+subject
2d5d063	4641fc4	date+subject
2d5f747	7ff8001	date+subject
2d68725	254246c	date+subject
2d7b4fc	82fc7b4	date+subject
2d92326	251eb86	date+subject
2dcf390	d02c6e4	date+subject
2dd0b22	09544a6	date+subject
2dd6c6d	dc080c6	date+subject
2dd8315	350c850	date+subject
2de43c0	298d0f5	date+subject
2de8a1b	9d23de4	date+subject
2e04f61	5912e37	date+subject
2e24205	5ae4b90	date+subject
2e31f20	1e51fd0	date+subject
2e6cd29	2b6df92	date+subject
2e6fd62	d57e1b3	date+subject
2e7b0a0	eaa8376	date+subject
2e89d77	d8745c1	date+subject
2eba34d	f3d9c59	date+subject
2ee6a9f	e026233	date+subject
2f302c0	5ea6f04	date+subject
2f36749	b061356	date+subject
2f4b120	abce54d	date+subject
2f86b92	f4b97ac	date+subject
2fba243	d498024	date+subject
2fc95d8	839f3ea	date+subject
2ffab29	9a8f5ec	date+subject
3013150	1a6aa70	date+subject
30136ce	0002aa7	date+subject
304d547	b12af58	date+subject
306b21d	6316acd	date+subject
30794fa	03b8bd5	date+subject
308ee42	176e718	date+subject
3091ccd	e00d25d	date+subject
30ad0f5	fdc21bf	date+subject
30bbfe4	0e2352d	date+subject
30cd261	4bbbeaa	date+subject
31127f9	4aec471	date+subject
3147194	d753a01	date+subject
31637c7	7ddc714	date+subject
31680c6	c2cbb21	date+subject
3184ac9	f63ebd8	date+subject
3190960	4b326f7	date+subject
31df9f1	275c894	date+subject
31fd5f9	616aef7	date+subject
320f23b	ed73850	date+subject
32218ca	89199d5	date+subject
32458af	8c0515d	date+subject
325e255	01ac22e	date+subject
326d7d3	0fe5084	date+subject
328bfe7	d211c6c	date+subject
3324572	eb3fc5d	date+subject
3335009	eef47a0	date+subject
33a28c2	60866b7	date+subject
33a3c86	0ee929d	date+subject
33ab9d6	77a7033	date+subject
33b2f0e	9224fce	date+subject
33c40d7	51983dd	date+subject
33dd27e	efa26ec	date+subject
33f6e2d	2e0855a	date+subject
346563e	497774f	date+subject
347924a	fadc100	date+subject
3482954	23a92bc	date+subject
34927c7	a3161da	date+subject
34974f1	8ad98df	date+subject
34a1076	e76f998	date+subject
34a2f8b	38157af	date+subject
34a6e3e	9ed5191	date+subject
34ad35e	7cf8259	date+subject
34b65dd	e597405	date+subject
351ae5c	d957a32	date+subject
3522b78	18e2bba	date+subject
3533960	3c8bf7f	date+subject
3538112	6a024c9	date+subject
356dd98	531d11c	date+subject
35972fa	3498206	date+subject
35cbc9e	b35fac7	date+subject
35d3ca6	f4e48f8	date+subject
361382a	1bffc4e	date+subject
361e606	3a68802	date+subject
362e95e	5f71e4f	date+subject
3630236	fb389ca	date+subject
364c918	3cfcf64	date+subject
3666c51	45649d3	date+subject
36a37a5	0a744a4	date+subject
36b1bed	a1f523f	date+subject
3772e6f	b842108	date+subject
37ddd8b	5cc77d7	date+subject
37e7697	db4f5cc	date+subject
3801ee8	16533bf	date+subject
380224d	2c756eb	date+subject
38067f1	03df73f	date+subject
385e8aa	652bb4a	date+subject
3872565	e96bb20	date+subject
387c8d5	1798250	date+subject
3885320	576125f	date+subject
3891a2e	531c909	date+subject
38aa028	7c8eb5c	date+subject
38c5e93	84400bf	date+subject
38e54dc	87e4e1c	date+subject
38ecaf4	0c0a3ae	date+subject
38fc8e6	090cb71	date+subject
392c747	4bcbb9c	date+subject
396afef	e3efee6	date+subject
3996aac	2406f32	date+subject
39af5fd	7f8d9d4	date+subject
3a13eb1	cc28433	date+subject
3a1556a	2a5255d	date+subject
3a304fc	ef70f2c	date+subject
3a40ccb	64af696	date+subject
3a5fb64	ece9bf0	date+subject
3a7037e	2a335d2	date+subject
3a8b452	c2d9207	date+subject
3a8eb86	aac5add	date+subject
3a9dad6	8fcf57b	date+subject
3ab863a	fb15b27	date+subject
3b3551b	05f90fc	date+subject
3b3e707	f212009	date+subject
3b52c6a	f8fea01	date+subject
3bcd6a9	653c154	date+subject
3bd961c	6fc895c	date+subject
3bf84a0	bab134e	date+subject
3c07566	0a2110a	date+subject
3c0b2bd	3e84c11	date+subject
3c1c148	3d863c6	date+subject
3c3f81d	cdfe0ff	date+subject
3c62228	9b30d06	date+subject
3d4637b	7a4c873	date+subject
3d56a5d	5346205	date+subject
3d7a9cc	c78d134	date+subject
3da7e38	c756ff5	date+subject
3dd747b	49960b3	date+subject
3de705c	d349d9a	date+subject
3def980	4a03f63	date+subject
3df9119	bbf1e3f	date+subject
3e41d10	0f7a6f5	date+subject
3e5f386	c5044da	date+subject
3e748e4	fd25c7d	date+subject
3ec4a73	05ed5be	date-only(UNIQUE-SECOND)
3ed0508	644fff0	date+subject
3ed7f81	28202a4	date+subject
403c00e	11f9c27	date+subject
405fb85	5015407	date+subject
406a93b	a06d946	date+subject
406ea5a	56944ce	date+subject
40cded4	e3e18e0	date+subject
4105be6	17389c9	date+subject
41383e1	e2796a6	date+subject
4151767	ce3723b	date+subject
4151ac0	a34ba77	date+subject
41591cb	fb15e64	date+subject
4167e2b	35e3b43	date+subject
41a2dcd	c8fbbd3	date+subject
41b4bcf	16fbfb3	date+subject
4251493	ca400a0	date+subject
4264e3b	81d683c	date+subject
426cad3	84e4246	date+subject
42b414b	9ef08bf	date+subject
42f6d44	965a323	date+subject
4344a79	c6019f1	date+subject
43b404a	9f70b9b	date+subject
43cc18a	e6b5ae6	date+subject
43d4019	99680fc	date+subject
44306be	0dda074	date+subject
443b528	7eac35c	date+subject
444c7b9	f521949	date+subject
4520016	a227151	date+subject
452b01c	5393564	date+subject
453072f	c9f4440	date+subject
4538e9e	b72cce9	date+subject
456ec36	8df5f05	date+subject
456f508	3602d5f	date+subject
457af25	aa8c8e6	date+subject
4599315	449be61	date+subject
459f954	362b80b	date+subject
45d0654	ca1b97f	date+subject
460a866	8e2765d	date+subject
465c669	94be66c	date+subject
466b224	c273c2d	date+subject
467060e	e51e03f	date+subject
4683784	7aec941	date+subject
46e4d14	9f8d686	date+subject
46f7c2c	823bb24	date+subject
470f917	e18f685	date+subject
473be8b	4a202f4	date+subject
476a5f2	e0d2849	date+subject
477da22	0e2a66b	date+subject
47f3015	3ba459f	date+subject
480d352	9017668	date+subject
481b699	3237e6b	date+subject
482616c	2db4ac6	date+subject
483fa39	b4c3246	date+subject
483fde6	7ea2ece	date+subject
489c719	8e018e9	date+subject
48a5616	5f2a41f	date+subject
48aadb5	0080cdd	date+subject
48b6b85	ac185df	date+subject
48d767c	1dc624a	date+subject
48e2e75	fe6d9a2	date+subject
4952c0e	545daef	date+subject
4977154	428a118	date+subject
499360d	1d2112d	date+subject
4996d2c	c545f34	date+subject
49f1471	c608833	date+subject
4a14dfc	2909806	date+subject
4a54c91	5d04a18	date+subject
4a6be3d	de9497e	date+subject
4a869ee	bda382e	date+subject
4ad3896	4b61869	date+subject
4ae734d	5de81b5	date+subject
4ba043d	37334f9	date+subject
4baf825	d3db656	date+subject
4be7007	b6fe8fa	date+subject
4bf8398	03ece78	date+subject
4c0c9d4	aa9900e	date+subject
4c1e946	0b402dc	date+subject
4c63325	d3f14b0	date+subject
4c72ce8	2df6e6c	date+subject
4cc4d8c	c8d9021	date+subject
4cf2fa6	15f5004	date+subject
4d0e501	a0f9fb0	date+subject
4d1ec45	ebb0d0d	date+subject
4d45407	186cce7	date+subject
4d86573	e7308f7	date+subject
4db0410	3d6eb20	date+subject
4ddeb7b	818576b	date+subject
4e40547	efd419d	date+subject
4e5d4b3	a5e128f	date+subject
4e6cb69	1a463db	date+subject
4ebec8b	8a0bfe1	date+subject
4f140ea	d0d14e2	date+subject
4f1df3b	6f0d723	date+subject
4f2232a	79555fb	date+subject
4f2549a	5105429	date+subject
4f375ad	2ebf760	date+subject
4f39bce	43a3f9b	date+subject
4f63118	3e47576	date+subject
4fa92be	d790a7a	date+subject
500273a	2388765	date+subject
500aa93	f205287	date+subject
50267ca	ca568f8	date+subject
5030c6e	35b5525	date+subject
5034e3b	fd75ff9	date+subject
50721ee	65b567a	date+subject
50731cd	e9619e1	date+subject
507a86e	98accca	date+subject
507e497	78ce2c9	date+subject
5085392	dea8247	date+subject
508a76b	63aa305	date+subject
508d289	91d6cdd	date+subject
508f6ae	7338234	date+subject
50cc6c0	91c112f	date+subject
510f6a3	bfdf6dd	date+subject
512faa4	876da52	date+subject
516377f	b1f6284	date+subject
519f9e5	2367814	date+subject
51b758a	9831341	date+subject
51d404b	3cd5579	date+subject
520c528	fe62206	date+subject
520f9d6	1683e33	date+subject
5247706	72a7ae1	date+subject
52650c0	05bd805	date+subject
52710de	dbc0420	date+subject
52b963e	1f31a8c	date+subject
52bcd9c	af6751c	date+subject
52c51e5	d47f952	date+subject
52d11f3	c0a2760	date+subject
52e2549	700babb	date+subject
52e3b85	68b813d	date+subject
530b041	2462070	date+subject
53175ce	dedb502	date+subject
53c1936	5233afe	date+subject
53d1f81	75de91c	date+subject
53e0055	3074401	date+subject
540894e	6f3d15d	date+subject
5423e74	cd9271a	date+subject
542a5da	3d0be86	date+subject
5431823	b116fd2	date+subject
5436bba	1b34b23	date+subject
543db9b	74b53c1	date+subject
5446a98	c079d8d	date+subject
5466c5c	9604bcc	date+subject
547d5a1	a167e06	date+subject
549c757	2d468ea	date+subject
549fc8a	af0ab2f	date+subject
54b249a	fa4e02b	date+subject
5530a77	6deaeb2	date+subject
5539ae3	45d648e	date+subject
554661f	331c9c8	date+subject
55602bf	84a10d5	date+subject
5569bfa	391c170	date+subject
55f7b22	8909ad6	date+subject
562304d	d116744	date+subject
562e071	5914c1a	date+subject
5634892	e8ed165	date+subject
5648d61	2b9ec88	date+subject
5668fdd	f05ed80	date+subject
5688ee2	741d6f8	date+subject
56be455	2c7e97e	date+subject
56d09d6	bc425ce	date+subject
5723cde	dbf2f8e	date+subject
574affe	0d9c466	date+subject
574c3d0	2319573	date+subject
57588b2	408ced8	date+subject
576397d	bac71d2	date+subject
57b6908	82edc66	date+subject
57e2bb6	0236647	date+subject
57ea6ee	f824678	date+subject
5823cde	4b9ed22	date+subject
5868b9f	24b4cec	date+subject
587ec07	9d0d627	date+subject
58be7a4	ccc66df	date+subject
58c5605	75384bd	date+subject
58de502	5b29c8e	date+subject
58e68a8	4c431a8	date+subject
590a733	7042096	date+subject
59323ed	cf34a74	date+subject
5937325	a349c4c	date+subject
593c3b2	ee2e004	date+subject
59940a9	7cef37a	date+subject
59da472	17e2dd4	date+subject
5a0db00	d74bd76	date+subject
5a2ac79	a3f7eff	date+subject
5a3735d	9fae71d	date+subject
5a45dc4	e6a455e	date+subject
5a94e74	462ba56	date+subject
5a9a5fb	025c7f0	date+subject
5aab9d4	e46e6bb	date+subject
5aaf250	a1737a2	date+subject
5ac48d1	4b2ab3c	date+subject
5adf42f	b570278	date+subject
5afc305	819b84d	date+subject
5b401c8	b9f8c10	date+subject
5b4f57b	826deca	date+subject
5b7ceb9	0494455	date+subject
5baa96c	17fabc5	date+subject
5bb9de4	8a8f2de	date+subject
5be7db2	ffcc9e5	date+subject
5bf6c0d	6384dce	date+subject
5c3a55f	ecc2a61	date+subject
5c8cf51	b6844ee	date+subject
5c9b210	4cb57c4	date+subject
5ce377c	77ec9e2	date+subject
5cf065c	f917129	date+subject
5d42523	c0abbbf	date+subject
5d44d4f	f1f034e	date+subject
5d66aaa	9d8d9b2	date+subject
5d93a01	7319f28	date+subject
5da0157	c4a0ad0	date+subject
5da7a92	a6e1c30	date+subject
5dad259	6680758	date+subject
5dd0a41	7a1d5ae	date+subject
5de0269	970b7fd	date+subject
5dfc169	caa274e	date+subject
5e0deee	2d89f29	date+subject
5e66a84	56b461d	date+subject
5ec30c4	724c441	date+subject
5ee5a90	c15c79a	date+subject
5efaf6c	084b9d0	date+subject
5f046ff	d7dc6ed	date+subject
5f12adf	c8a60d0	date+subject
5f1abb7	c335a90	date+subject
5f258a9	7cfd419	date+subject
5f3e622	f6e9893	date+subject
5f59399	d3eb89e	date+subject
5f9b15e	d358add	date+subject
5fa7594	9ee860a	date+subject
5fe3213	71dc6dc	date+subject
5ff508b	2310457	date+subject
5ff5a18	64b28cf	date+subject
600989c	5b2b522	date+subject
60582ad	457a0a1	date+subject
607f956	5c99919	date+subject
608925c	8c075f2	date+subject
60c6cde	9cd9906	date+subject
60e2712	e5d6bf3	date+subject
60f04b7	dc141c8	date+subject
60f6d2f	7c1850c	date+subject
612468f	0fc4506	date+subject
6135f80	de46bf0	date+subject
6144242	1625cfe	date+subject
6149861	c7d79b7	date+subject
615524f	79c5b4a	date+subject
615e879	4890aa6	date+subject
617695c	08b536f	date+subject
618a775	6130df3	date+subject
61f375a	f897973	date+subject
61fcc74	fb6e96d	date+subject
6208ce6	a9d3371	date+subject
620f024	fbf6739	date+subject
625009b	2f206b8	date+subject
6259e36	a264c37	date+subject
625b18d	c60ae6b	date+subject
6263b41	98cc717	date+subject
62a7fbe	fc9ab06	date+subject
62ae671	1365de2	date+subject
62b1b25	fddf7b4	date+subject
62b4ed4	0715c6b	date+subject
62f02e9	7fabdc0	date+subject
6328e1c	59da896	date+subject
63396d1	a1d2b79	date+subject
634eca9	b70e2f3	date+subject
638dee1	3092905	date+subject
63a0c66	fdb2ace	date+subject
63b102e	26949c0	date+subject
63b556a	cc85fbe	date+subject
643bb07	652616f	date+subject
6451b0b	c5f441d	date+subject
64a5005	6bbbd1e	date+subject
64a79a1	494bb84	date+subject
64f9311	cc737b9	date+subject
6511dd6	11c2334	date+subject
6526ab2	4554c1c	date+subject
6539e91	400d1f4	date+subject
6555436	170a9f1	date+subject
65705fe	1ede9fc	date+subject
65aeb80	fe24e6a	date+subject
65f00fd	91a604f	date+subject
660238a	333a791	date+subject
6623892	3e1e425	date+subject
6651f39	7f67cdf	date+subject
66d545e	8bdb067	date+subject
66e8033	d04b784	date+subject
66ed743	d74c939	date+subject
66eefc8	c41fe80	date+subject
6707c3b	47eaa7c	date+subject
6757d52	df75338	date+subject
6783912	c29ab4f	date+subject
679e60c	a345515	date+subject
67c416f	d89475d	date+subject
67ce3fc	fc09811	date+subject
6830aa2	87fca3d	date+subject
6846b75	e089eb8	date+subject
6853eb5	1f8d38f	date+subject
68a67c4	55716b6	date+subject
6916fb2	31d664d	date+subject
6942ac4	3d138d2	date+subject
6948634	a74696f	date+subject
6965ee5	682d3cc	date+subject
6969fa4	2008c29	date+subject
697740b	466ae20	date+subject
698b4f6	b9d8603	date+subject
69b5c8a	e03f68e	date+subject
6a0f84c	7fc7cc0	date+subject
6a2b695	ee8927b	date+subject
6a8624a	634a1d9	date+subject
6ac1d20	263f2ca	date+subject
6aff659	3bb168f	date+subject
6b18097	5105465	date+subject
6b34b1c	8363cbb	date+subject
6b7a0d7	54f3863	date+subject
6b8dc71	fb26474	date+subject
6b9a88c	9354c54	date+subject
6bbc628	28a974e	date+subject
6bdd510	93af22e	date+subject
6be4281	5c4258e	date+subject
6bffe74	7bba4ce	date+subject
6c3fb56	e01d604	date+subject
6c6e1ba	6c313ed	date+subject
6ca070d	0df3a0d	date+subject
6cdaa89	c366239	date+subject
6d0d0e8	6e4cb4f	date+subject
6d326fa	a51920a	date+subject
6d3726f	3fb6412	date+subject
6d3f271	3c1ac64	date+subject
6d6ecb6	b0d4c81	date+subject
6d80d5e	a0a31a1	date+subject
6d9163b	ac7a8c0	date+subject
6dbc33f	26d75c0	date+subject
6dd3f00	fc541c5	date+subject
6de1833	938f192	date+subject
6e3f325	8ba8758	date+subject
6e58707	cd4a680	date+subject
6ebcf45	1292e7d	date+subject
6ecea1e	45e78ee	date+subject
6ed632e	d9454c6	date+subject
6eea29f	639610a	date+subject
6f4e926	f1d0bb6	date+subject
6f60944	a34e1ad	date+subject
6f7abdf	54fd477	date+subject
6fd1b45	95c9b36	date+subject
6fe3e8a	31e9e5e	date+subject
6ff6803	d7530fa	date+subject
7012d3d	88bd921	date+subject
7090b9f	059f3b3	date+subject
70c04ed	4d2d891	date+subject
70c15bd	b8d3c7e	date+subject
70d8e96	5cc8b55	date+subject
70e1ca1	0a98a20	date+subject
7101637	a10abbf	date+subject
712670b	b2cb151	date+subject
7148020	debbb1f	date+subject
72dc7a6	1ddc579	date+subject
72ebb7a	7d96c5c	date+subject
730bcd7	7e50764	date+subject
730f1d2	2e4ace8	date+subject
7350e37	59fa1be	date+subject
7364548	bc3333f	date+subject
7385e52	de5aaeb	date+subject
739a60c	492d7bb	date+subject
73c99f9	a88ca5c	date+subject
73dee5a	6276f67	date+subject
74035a9	902e6cb	date+subject
740b088	0c432be	date+subject
744a120	26e981c	date+subject
747402e	0c0fe2d	date+subject
749792d	573672a	date+subject
74fd26b	6e31caa	date+subject
752675c	ad683a8	date+subject
7542d96	9c6af3c	date+subject
754c566	7fe3e44	date+subject
75d43b3	91548bb	date+subject
75e8911	13369fe	date+subject
7608961	9fb88d1	date+subject
760f5ff	294c4f0	date+subject
76107b9	7ff6e65	date+subject
763d02a	2d0e4e0	date+subject
7658f68	321ef33	date+subject
768ce11	dda1bb7	date+subject
76c9522	abc9707	date+subject
7700e55	34e135b	date+subject
7750bbf	06637fa	date+subject
77527b3	66d7964	date+subject
777c5b4	9e85db0	date+subject
778b11e	aee8c70	date+subject
77aa547	26f66a5	date+subject
7825530	a15a2a4	date+subject
7838374	eb88fc5	date+subject
787bb7e	47b9b9b	date+subject
789d47d	c69ddbb	date+subject
78ae523	3724f0d	date+subject
78c2af6	c51624f	date+subject
78f61b7	d25ad6e	date+subject
792ffa7	4b9ea7b	date+subject
7958286	129edab	date+subject
796621e	723950a	date+subject
79bb72a	2d4c7d2	date+subject
79be1ed	9ce2231	date+subject
79d107e	61d9b7c	date+subject
7a49446	7874559	date+subject
7a9d537	20426c0	date+subject
7af3c05	d0c2284	date+subject
7b0e99a	f3a3aea	date+subject
7b175ff	f825319	date+subject
7b2cab4	4129be9	date+subject
7b315ab	9062621	date+subject
7b48fe5	f511d4a	date+subject
7b616e6	a120522	date+subject
7b76b39	589da17	date+subject
7b961e4	a3573ba	date+subject
7c08514	cb0d722	date+subject
7c8e313	7c52897	date+subject
7c9064e	bc25cbd	date+subject
7d5a7a0	adaffd9	date+subject
7d783fd	cb39e01	date+subject
7d7c329	6173461	date+subject
7d7eefc	ae81bf0	date+subject
7d8a309	7197e97	date+subject
7d8a751	0be3204	date+subject
7dcffff	d475955	date+subject
7de0cb8	b8eedac	date+subject
7e6262a	7490ab5	date+subject
7e9f6a3	fb6853e	date+subject
7eac344	dbaa838	date+subject
7eebd0e	2b92c1b	date+subject
7f21fa2	0f09c47	date+subject
7f56714	f677397	date+subject
7f92594	678b49b	date+subject
8078ec8	2dd89b3	date+subject
80a116e	b2f296c	date+subject
80c572a	7df4506	date+subject
80c846f	2ef4abf	date+subject
80e2768	6185731	date+subject
811fe37	cc1bd76	date+subject
812c7f8	f5bb137	date+subject
8151e08	afdae4a	date+subject
8179cb8	173a8d3	date+subject
818f009	59c9120	date+subject
819c685	e0b9450	date+subject
819f2c4	4566ffd	date+subject
81bf3d2	d79bf41	date+subject
81cd8f4	dde817c	date+subject
81d34ba	4c7eaa5	date+subject
81eecc3	8926516	date+subject
82155b2	e49dc9e	date+subject
8287fd9	6bfb4d3	date+subject
83100e5	7e397fa	date+subject
832e220	1fa1810	date+subject
8348942	81b5486	date+subject
834e35b	72d845e	date+subject
837a6a1	dea667a	date+subject
83a3431	eaa1f54	date+subject
83bf20b	32c259a	date+subject
8431da2	39ba913	date+subject
84690c0	f2aac3a	date+subject
853977f	6e5cc6f	date+subject
8559327	d7f8420	date+subject
8569932	eb4f868	date+subject
856c16c	d0a986d	date+subject
8587e45	3332c50	date+subject
859892f	d626239	date+subject
85aaa16	487e2ea	date+subject
85ca1e1	a523579	date+subject
86031dd	e3552ea	date+subject
862d5d5	1c2b944	date+subject
8630b59	c231565	date+subject
8637e2e	c5e5641	date+subject
8650d64	c29ba2b	date+subject
86530df	06f3ea9	date+subject
86553a6	c0d27a9	date+subject
86a0247	e8638f0	date+subject
878e669	9fbc055	date+subject
87d4a96	a4a89e4	date+subject
87f864c	2ebf3cf	date+subject
8858017	8a169e9	date+subject
8859512	04feed7	date+subject
88caecb	545af15	date+subject
88ee26e	4e39c3c	date+subject
8932d37	b02991b	date+subject
89604f9	bd1984c	date+subject
8968066	a38328a	date+subject
89b20a1	f6d2350	date+subject
89dc864	dd83b3b	date+subject
89e8462	a9162f6	date+subject
89f54e7	73a71f6	date+subject
8a00edf	4237ef7	date+subject
8a20629	dcd5dc1	date+subject
8a7adb9	e219695	date+subject
8af6b03	32cc663	date+subject
8af9e6c	aac7771	date+subject
8b3246b	27ed3a9	date+subject
8b517f1	5ac8cd5	date+subject
8b8153a	6b7cf5f	date+subject
8bb50c9	a997e5c	date+subject
8be6d48	86222d9	date+subject
8bfd33a	e64045e	date+subject
8c137e5	08d52f8	date+subject
8c3dc90	e902cfc	date+subject
8c4f8d7	399d9ce	date+subject
8c5ee81	fd04c04	date+subject
8c7243a	7c98fdb	date+subject
8d11a8a	04cc93d	date+subject
8d402bc	f93e138	date+subject
8d4d30b	ed05797	date+subject
8d5eb71	5e5fc25	date+subject
8d8ab47	31b021e	date+subject
8e19cfd	142e8b3	date+subject
8e4c044	b538d04	date+subject
8e64d56	e7b3889	date+subject
8e684aa	427f47c	date+subject
8e6dd5d	b4f4dbc	date+subject
8e83e85	7ac88c7	date+subject
8ebedf4	d187102	date+subject
8ed6c28	ae0f486	date+subject
8f4f2e0	5d11cdf	date+subject
8f9bbda	753fd02	date+subject
8fc4a55	13e0653	date+subject
8fc5272	6d8b017	date+subject
8fe9c08	762ff2d	date+subject
90192fa	8b784bb	date+subject
901eac6	07c09da	date+subject
9022544	276072f	date+subject
903cc09	d1722df	date+subject
904cbb5	a041f8e	date+subject
907648a	6ea65df	date+subject
90c1f5b	dbf1035	date+subject
90df422	f2a8df4	date+subject
90e5472	e0d31b9	date+subject
90fd79d	d7483a5	date+subject
91267aa	c44d658	date+subject
9149c6b	2c8f4dd	date+subject
9150e03	e45fdb8	date+subject
9158cdc	ee01407	date+subject
91a2045	6f4574e	date+subject
91e23d1	5a30196	date+subject
9219c0c	9324c54	date+subject
924a44e	80605f1	date+subject
924c672	4f3b80d	date+subject
9254625	9b5975d	date+subject
9263e19	1694a30	date+subject
927f331	e4c0e85	date+subject
929d688	6170c11	date+subject
92ed3e7	1d95246	date+subject
9316ea4	e8b2e38	date+subject
933184f	c82e0cf	date+subject
933c7e9	a67929d	date+subject
938206f	757ebe5	date+subject
938b0e7	df906e7	date+subject
93dbd86	41cd2f4	date+subject
93e1cb7	851b3af	date+subject
941a4b4	7236462	date+subject
942af04	4628c7c	date+subject
942c774	3281a95	date+subject
943234b	be8d79d	date+subject
945b1bc	4279938	date+subject
94614fe	7a107d0	date+subject
94e988b	07789ef	date+subject
95142ea	4e414cd	date+subject
955794d	5de7ce9	date+subject
9562cd2	97c9140	date+subject
956f986	01060af	date+subject
9574de6	a4d1a94	date+subject
95c2497	eb179d6	date+subject
960b7cf	0225d58	date+subject
969b1fe	dfaa6bb	date+subject
96fbb3d	c17d421	date+subject
970ad6c	9183f3d	date+subject
9717a17	43bccc5	date+subject
973a2f7	15f2a9c	date+subject
975d53c	f05685a	date+subject
9788792	8738f34	date+subject
9792baa	f78c944	date+subject
97c60ee	87d7d8b	date+subject
97e041f	9407192	date+subject
9829aa5	6d9ef53	date+subject
983e9d6	127353c	date+subject
98640ce	f47b8b3	date+subject
9888da2	431c2b3	date+subject
989f127	a2d5385	date+subject
98bd0a8	b9b3568	date+subject
98fd83c	5eedb3c	date+subject
9915a60	6b17c43	date+subject
9938951	c34dcb4	date+subject
997f44c	8a0d906	date+subject
99c88ae	4b4ae79	date+subject
99ebfa8	cf547cc	date+subject
99f170b	b86d6f9	date+subject
9a2ae82	8f9ab1b	date+subject
9a30d9f	6d05b9c	date+subject
9a551dd	866bbe4	date+subject
9a867fc	cc0c95c	date+subject
9aa779f	3bff642	date+subject
9aab66c	1ace9e3	date+subject
9aef47d	2bccb4b	date+subject
9b06fba	737823f	date+subject
9b180e2	017b2ac	date+subject
9b205b3	5c42bf5	date+subject
9b5aeef	eb43fb0	date+subject
9b67f99	7ede136	date+subject
9b8246d	1ab0eb7	date+subject
9b96faa	1ceae6b	date+subject
9ba9d0e	535d6f4	date+subject
9bd892a	a6a7f9f	date+subject
9c24b12	d9584c8	date+subject
9c5019d	ff92c5a	date+subject
9c673f0	9115649	date+subject
9c95c2e	66632f5	date+subject
9caa090	e34f572	date+subject
9cf2a1a	4be595a	date+subject
9d0e2ef	8bd2326	date+subject
9d1ef13	202ddef	date+subject
9d5a6a4	50d8eba	date+subject
9d9917b	227ea57	date+subject
9da33d8	f90b557	date+subject
9dd5ae6	6553cc1	date+subject
9df0c65	0b88d9f	date+subject
9e2dacc	8374bb3	date+subject
9e2e20c	ac883a4	date+subject
9e6f204	fded9bc	date+subject
9edb087	df530ce	date+subject
9ef55ff	ee5bf97	date+subject
9efc4f5	58832dc	date+subject
9f167e6	6dbd09e	date+subject
9f587d4	3820f3c	date+subject
9fcb575	2f8a78c	date+subject
9fef1e6	70dde3a	date+subject
a00b651	22d5bed	date+subject
a0119a2	e05eaa5	date+subject
a013aa2	9e18f2d	date+subject
a0258a7	fd7c24f	date+subject
a027211	1af426e	date+subject
a02c956	6437247	date+subject
a0320d5	93235cf	date+subject
a09417c	50c4916	date+subject
a0a5729	6ee11c2	date+subject
a0b3bad	32f66dd	date+subject
a0e2c4a	28a2842	date+subject
a10a8e0	822ab68	date+subject
a132cd9	550ec7a	date+subject
a145016	9905013	date+subject
a15070d	d1ad5f0	date+subject
a1780b3	c76f7c0	date+subject
a1a29b2	123b69c	date+subject
a1ccddb	65dbf73	date+subject
a1d8c1e	515058c	date+subject
a1e7530	c88a756	date+subject
a1f246e	f97c5b6	date+subject
a2155d5	79293b5	date+subject
a24de6b	7102579	date+subject
a28cb6c	a4338b1	date+subject
a2b3c24	75e69af	date+subject
a2c6470	f8e5020	date+subject
a2e1a83	c852dee	date+subject
a2fa973	711d845	date+subject
a326b04	4e3317e	date+subject
a365a5d	1701f26	date+subject
a3d4471	946cff8	date+subject
a41ed3a	86894f7	date+subject
a48c5c1	b7c507c	date+subject
a4a6a2b	7adec6d	date+subject
a4d84d2	7869f40	date+subject
a4e13e1	6add177	date+subject
a513489	bc4fa09	date+subject
a522403	5f23ddc	date+subject
a53c448	b0da5d8	date+subject
a58ce65	fb0405d	date+subject
a5d2ef7	4848d5a	date+subject
a5da53d	57345fd	date+subject
a5db58d	8067364	date+subject
a5ec60e	02f804e	date+subject
a6209c2	6fbb5e0	date+subject
a6385db	5a6501c	date+subject
a69fee0	572a5d4	date+subject
a6cda13	43ecbcb	date+subject
a6d0261	11e622c	date+subject
a709d7c	7321709	date+subject
a77264b	7c557fa	date+subject
a7935be	c63e695	date+subject
a79ad4f	aeb0adf	date+subject
a7b4057	9677126	date+subject
a801e2c	13537ab	date+subject
a812463	56938ef	date+subject
a822b65	aab6ffd	date+subject
a832f0b	1728cad	date+subject
a8582b8	c2da03d	date+subject
a8af69f	760fd1d	date+subject
a8c38cb	51b3ea2	date+subject
a93e39d	3fd5c8c	date+subject
a94e122	f1649b9	date+subject
a97b658	beed69f	date+subject
a9a6c03	49abc57	date+subject
a9bcf08	057246d	date+subject
a9be755	4bd5115	date+subject
a9e425f	6bc04a2	date+subject
aa02b56	4a3abbe	date+subject
aa0dd30	905783b	date+subject
aa18fcb	5b2a908	date+subject
aa282cf	913c1ff	date+subject
aa2b75d	59a280c	date+subject
aa40fcc	c084d72	date+subject
aa72c6f	4e8c38f	date+subject
aa7aeed	81d485a	date+subject
aabcd81	56924e5	date+subject
aadea6c	1e72d0e	date+subject
ab0a99a	b2c2a12	date+subject
ab47557	f2dc01f	date+subject
ab5f357	8e49569	date+subject
ab90c74	4ed0b3c	date+subject
abf1a57	501c862	date+subject
ac3bf77	082d595	date+subject
ac44a81	6271cb7	date+subject
ac8a43e	cac75e1	date+subject
ac9fed9	37883ec	date+subject
aca093c	98dc43f	date+subject
acab64d	8e53d69	date+subject
acb2e2a	039c1f2	date+subject
acca901	5176ccf	date+subject
acd3982	6db300d	date+subject
acd7a3f	1a06c5b	date+subject
acfadc6	c6bba67	date+subject
ad1972c	1466444	date+subject
ad224ac	fa45dfc	date+subject
ad313e3	fd466e3	date+subject
ad695ce	e3a9047	date+subject
ad9e541	e98978b	date+subject
adaa7cc	cd761fe	date+subject
add505a	bd8294e	date+subject
ade1035	be69808	date+subject
ade604a	e67ff5a	date+subject
ae4209c	6f48c5c	date+subject
ae56c18	404c57b	date+subject
ae70384	70da727	date+subject
ae90e5a	f96d173	date+subject
af15a69	cb5adbd	date+subject
af3c48b	c4bfa37	date+subject
af43330	298d4e0	date+subject
af63235	fee9e04	date+subject
af7ab88	6ad9f33	date+subject
af97825	950daca	date+subject
af99429	f573d8e	date+subject
afa7012	df45bde	date+subject
afb5c8d	5fc56b3	date+subject
afb5e1f	f6db27f	date+subject
afbf9e6	b72b68d	date+subject
afcddbe	b4d146b	date+subject
afdb865	95e7130	date+subject
affc0cf	100d3d4	date+subject
b00db95	80e6e29	date+subject
b05ea92	ea4f20b	date+subject
b05f618	5b2526d	date+subject
b070e38	516e4b8	date+subject
b07dd33	ff37f52	date+subject
b0820b4	8557ef3	date+subject
b0a5152	18e1ef8	date+subject
b0cff25	d24200f	date+subject
b0dd1c9	eec10a9	date+subject
b106906	a17bbae	date+subject
b107c49	f610ccc	date+subject
b11918f	4e0e451	date+subject
b121b88	a5dbe1c	date+subject
b12ef04	129de29	date+subject
b136cdc	56cfb79	date+subject
b140c7e	d0ec559	date+subject
b1467b7	fc4b427	date+subject
b1558ec	1db917a	date+subject
b19c0f6	63fc246	date+subject
b1c7677	55c0b1a	date+subject
b1fd5d3	e007927	date+subject
b2039eb	7d7a728	date+subject
b26718e	d8bc5a4	date+subject
b26892d	ef817d3	date+subject
b2807a3	f33054b	date+subject
b28eb5e	bb109e1	date+subject
b292435	26e937a	date+subject
b2d078c	fa72b98	date+subject
b2d0cbe	ea10d48	date+subject
b33c1b1	e6f25d9	date+subject
b359571	2383900	date+subject
b380623	d52af8f	date+subject
b38dfd4	d341c7c	date+subject
b3d9260	a02aa11	date+subject
b41e060	7436269	date+subject
b4217a3	85ba8de	date+subject
b4343af	4b57c97	date+subject
b494a67	70966e0	date+subject
b4a353b	808eb6a	date+subject
b4b723e	905c89c	date+subject
b4ba3bd	ddd530b	date+subject
b503934	af76c95	date+subject
b53c7e0	860d00e	date+subject
b55824d	fbb4120	date+subject
b5943f0	4732fd4	date+subject
b595682	6ddd1cb	date+subject
b5bc1dd	88be0f3	date+subject
b5e113f	76fbb6d	date+subject
b5ef013	f36c224	date+subject
b6202be	145f755	date+subject
b6346b7	acf3a7f	date+subject
b64fc6c	1af21cf	date+subject
b6776e9	d79c237	date+subject
b690c2e	22c7dee	date+subject
b6d56ac	dc6c2b2	date+subject
b6e790a	da2bf3c	date+subject
b702983	de943f2	date+subject
b70e1aa	4bc9b1d	date+subject
b75024d	887b56d	date+subject
b76914b	1843798	date+subject
b7ee1b6	4ca18c3	date+subject
b801003	51fb177	date+subject
b818d81	82da6fd	date+subject
b88649c	77e44c9	date+subject
b886f27	a6fe39e	date+subject
b8b29e9	cf9c761	date+subject
b8b315e	f2587fc	date+subject
b8e8461	91fc1b9	date+subject
b9209ed	8b78311	date+subject
b92490f	4ddc4ea	date+subject
b9641c8	4b328fa	date+subject
b994b43	c78ed62	date+subject
b9dbdc5	bdfd6c8	date+subject
b9ecabe	65b4a08	date+subject
b9f4a20	c3dbb68	date+subject
ba1cc8b	036f7de	date+subject
ba49551	35a805c	date+subject
ba621f5	00e4a2f	date+subject
ba7e486	d049f12	date+subject
baa7e0f	88ab67b	date+subject
bafa233	c5466f5	date+subject
bb497d7	f31c90a	date+subject
bb82d5c	738f8b5	date+subject
bb987de	91a9b2a	date+subject
bbba8a2	beeb752	date+subject
bbbf0af	91cbf9c	date+subject
bc04a49	5e6a2e3	date+subject
bc096dd	9768653	date+subject
bc26cce	de873cc	date+subject
bc80263	bc29079	date+subject
bc9e8e7	3d2b520	date+subject
bcad746	e985619	date+subject
bcbf89b	dfd15b1	date+subject
bcf6453	d6fe39e	date+subject
bd13bd0	952add1	date+subject
bd9b16b	0d8621d	date+subject
bdb75f2	dee4d0e	date+subject
bdd197d	d946bd8	date+subject
bddcadb	f053bc5	date+subject
be2a8b9	6b176b1	date+subject
be63f3f	9302bfd	date+subject
be99ee3	a1e527b	date+subject
bea8948	014cb7f	date+subject
bec3be3	f368d62	date+subject
bed5ed9	21c72eb	date+subject
bef5a46	7c8d660	date+subject
bf1c0fb	2ddb6bd	date+subject
bf2de34	5d62022	date+subject
bf3076a	79fbf11	date+subject
bf5b59f	ac2177e	date+subject
bfaa67c	ca6ccb1	date+subject
bfec991	2778f7a	date+subject
c016171	963d0e3	date+subject
c03aaaa	aeaa28a	date+subject
c042039	93f5567	date+subject
c064d6f	c4f2b63	date+subject
c07ab72	edf2193	date+subject
c07c6f9	4f27bee	date+subject
c08f6a1	46c4c17	date+subject
c0b20af	ca8a5e7	date+subject
c0fe6e4	1a40444	date+subject
c108585	f76fe7b	date+subject
c1784dc	ffe4da0	date+subject
c1864cd	385464a	date+subject
c1b2681	cb437e7	date+subject
c1e5d7d	d49d57d	date+subject
c1eb12b	3956ca8	date+subject
c1eb6b7	34906ea	date+subject
c1ef00a	64a8a5a	date+subject
c1f8c8e	00780b1	date+subject
c21359f	f744625	date+subject
c223e50	16882d4	date+subject
c2428b3	c4916af	date+subject
c253181	b736aa7	date+subject
c25fd7b	bde19b1	date+subject
c2993bf	c202c6e	date+subject
c2a2f41	528d0b6	date+subject
c2b16bc	4ab6d84	date+subject
c2c1e22	df893e8	date+subject
c2c8c9c	8d88202	date+subject
c2d0901	0b34df7	date+subject
c2d0ef6	2708a74	date+subject
c310c07	576a5f8	date+subject
c32dd73	db0e5d0	date+subject
c34753e	0565d5b	date+subject
c34c180	0e246cc	date+subject
c3529b8	0fa6f6e	date+subject
c36b81d	b2753dd	date+subject
c3cf6fa	2f5c23e	date+subject
c3e917b	84469d7	date+subject
c40a77d	4af752b	date+subject
c418ef3	eaeded1	date+subject
c431147	1f3c14b	date+subject
c4c7507	e20b788	date+subject
c4f8f00	88cdde5	date+subject
c54b621	2a04277	date+subject
c55e6db	9be3fad	date+subject
c594e1e	c8cf7cb	date+subject
c5aadf8	cad012b	date+subject
c5ecc5b	efbe878	date+subject
c5f804b	d738a6f	date+subject
c60412c	2299fda	date+subject
c64476a	b22418b	date+subject
c65a489	15f3f4a	date+subject
c695790	d4bcbe0	date+subject
c696ec1	952ddee	date+subject
c69caf8	664dd97	date+subject
c6a2be8	7dae3df	date+subject
c6b3119	7eaae2d	date+subject
c6c41b8	d251ff7	date+subject
c6ef610	3b0ab72	date+subject
c72801a	92b9d75	date+subject
c72de6e	4307dfb	date+subject
c732aaa	cdb115a	date+subject
c74bb18	fa339ad	date+subject
c754b29	444f1c9	date+subject
c7b41d3	ac1b8f2	date+subject
c7c4ffd	f22fa98	date+subject
c7e251a	4614b4e	date+subject
c7f9ec8	76d2d3b	date+subject
c80e483	dbc153d	date+subject
c825bc7	21ac8cf	date+subject
c85ac11	4f87a92	date+subject
c88d29a	28c0c60	date+subject
c8a5bf9	69255eb	date+subject
c8e1011	6060897	date+subject
c8f0209	8ac78e3	date+subject
c91faf3	f2a6f5b	date+subject
c939abe	afe94c0	date+subject
c95b675	3246e48	date+subject
c9ebe02	6fe8b17	date+subject
ca055db	62fde6b	date+subject
ca5349a	712b04e	date+subject
ca6c368	fb1fa50	date+subject
ca8a7f3	1d6a6ea	date+subject
cacb172	1ac51d8	date+subject
cad38dc	1270917	date+subject
cb0144b	177084f	date+subject
cb0cd40	30aae47	date+subject
cb0ef64	ba93eef	date+subject
cb5ccb3	ce7465a	date+subject
cba0dbb	073a11d	date+subject
cbabc5e	ce0df8f	date+subject
cbc3dd8	45203bb	date+subject
cbd2679	adc0956	date+subject
cbfb8a0	de3090e	date+subject
cc16f4c	b9662eb	date+subject
cc32a96	ca19dec	date+subject
cc401c9	160d13a	date+subject
cc46034	f08238e	date+subject
cc4ac0b	e0cbff0	date+subject
cce8fc0	3d6e146	date+subject
cd0610a	cde478c	date+subject
cd28c67	65dca39	date+subject
cd2f153	ed7b585	date+subject
cd67fbf	23140c9	date+subject
cdb67a0	cd903d9	date+subject
ce1482a	63f2449	date+subject
ce8857e	7f36a3a	date+subject
cee189e	2dfdf84	date+subject
cefd93e	feafce0	date+subject
cf05757	f0146e9	date+subject
cf0605c	86fc775	date+subject
cf1aab8	8339c9f	date+subject
cf31ca5	ff18000	date+subject
cf369dc	8a337b9	date+subject
cf692b2	4caadd1	date+subject
cf9e2ab	aa7aef8	date+subject
cfeb1cc	97d7e9d	date+subject
d009522	e72cce9	date+subject
d09aece	f95a524	date+subject
d0beb01	20eb657	date+subject
d103617	8b5bb0c	date+subject
d14563e	1dab44a	date+subject
d187706	3102abb	date+subject
d1930fc	c579e23	date+subject
d19bec6	064ac31	date+subject
d1d7976	4f150ee	date+subject
d1f48da	b87b1a4	date+subject
d1f4c13	2c8884e	date-only(UNIQUE-SECOND)
d217eef	f683efd	date+subject
d26f99a	072b1ef	date+subject
d303594	5b2618e	date+subject
d30d215	db5137f	date+subject
d34e364	fcf7293	date+subject
d399a39	8185013	date+subject
d3b96d9	6f9b6ff	date+subject
d3bf3a3	08b39d2	date+subject
d3e2868	92479f3	date+subject
d402f6c	529dd14	date+subject
d422fd8	1aadf3d	date+subject
d43c079	1ce7210	date+subject
d44493f	4b3ab2a	date+subject
d44fedb	7c48f34	date+subject
d45f3a1	a512b4f	date+subject
d472f53	c156658	date+subject
d49e219	4a88b24	date+subject
d4c8f62	96fe342	date+subject
d4fa483	03e81e8	date+subject
d4fbea8	f9fc0c0	date+subject
d4fd8c7	275a472	date+subject
d4fe922	80d1409	date+subject
d51ac77	880a784	date+subject
d52a9bb	26421b2	date+subject
d52e556	940eb3a	date+subject
d567ca4	dac97c2	date+subject
d58da67	57c762b	date+subject
d618178	3d28f15	date+subject
d624c9c	161937b	date+subject
d6684d6	77fe5cb	date+subject
d713c95	9dd86e3	date+subject
d71a59f	c41c498	date+subject
d762dbc	2deadc2	date+subject
d77831c	8babca7	date+subject
d78ce65	c779c92	date+subject
d79d7dd	dce7a88	date+subject
d7a19f8	b345063	date+subject
d7a37d5	2217128	date+subject
d7b638d	964260a	date+subject
d7d01a1	4f3243b	date+subject
d7d1d6a	69825b6	date+subject
d81801b	3422d43	date+subject
d850d78	351b430	date+subject
d855e9b	64057c4	date+subject
d85e13a	2f2aee9	date+subject
d87c57b	a6ccf63	date+subject
d8946f3	18a09e4	date+subject
d8ab411	d8296a9	date+subject
d941371	c834502	date+subject
d96de83	a43ea21	date+subject
d989028	63afa56	date+subject
d99842a	1f9d2c0	date+subject
da168dc	3980486	date+subject
da39120	910d29a	date+subject
da40efc	066db2d	date+subject
dafb013	6a1e60f	date+subject
db1c6e5	51a00ad	date+subject
db3e26a	e0084c6	date+subject
db7e335	437f2da	date+subject
db8c4dc	73c1e22	date+subject
db908bc	1161ad2	date+subject
db95007	7ddbe89	date+subject
dc1b0a9	30eace9	date+subject
dc483f5	70eb854	date+subject
dc575da	75c35c3	date+subject
dc7e66e	f2f39f0	date+subject
dc8469a	a5f60f4	date+subject
dc9b786	66eb9c7	date+subject
dca1ca2	a6b4b3b	date+subject
dcb39eb	a38c630	date+subject
dd0a7e1	655c1f6	date+subject
dd16962	09d0abc	date+subject
dd16b65	1a0b6bc	date+subject
dd1ac31	f78b60a	date+subject
dd43665	abd8d65	date+subject
dd8863e	ae1e9f5	date+subject
ddb9693	719d0d5	date+subject
ddda854	90e4f88	date+subject
dddfba5	e4e3c68	date+subject
dde278b	b5891cf	date+subject
de00db3	0b2121e	date+subject
de25ad8	8158a63	date+subject
de3415c	0d35067	date+subject
de55f83	7f88b3f	date+subject
de6322c	fb9f164	date+subject
de689b8	ee64e92	date+subject
debdc20	f5a4cc5	date+subject
dec7872	bd0cf34	date+subject
def9e3e	1558171	date+subject
df011f9	0c22211	date+subject
df47e94	c109cb5	date+subject
dfb1c6d	4aa4893	date+subject
dfb7ef8	3c26412	date+subject
dfdb25f	7d1bd88	date+subject
dfde114	712502d	date+subject
dfee5c0	29f03b0	date+subject
e0189a4	094faf8	date+subject
e01b13d	5f8d41f	date+subject
e02e6f1	8a01ea3	date+subject
e03253b	24e33a3	date+subject
e065637	fef13b8	date+subject
e069801	ce16552	date+subject
e0c1326	668973a	date+subject
e0c8e25	d0ad797	date+subject
e153b23	6b9185f	date+subject
e159f7c	24e48c7	date+subject
e161b11	d60ac07	date+subject
e18a7ab	9b3d21c	date+subject
e18b32a	1d4f9a1	date+subject
e1a1a3b	6066648	date+subject
e1cb4e0	f299449	date+subject
e20270a	23609eb	date+subject
e21dd45	e2acb25	date+subject
e245dd3	1474bd6	date+subject
e2795d8	c428e06	date+subject
e2da25c	eb0499b	date+subject
e2e62ee	28abc21	date+subject
e2e966b	592dfc4	date+subject
e302b25	c0466e8	date+subject
e30fb22	a980bf9	date+subject
e39a454	6b60ab0	date+subject
e3d38b1	6666696	date+subject
e3dd724	2b51705	date+subject
e3ea8f1	66ab75d	date+subject
e3ff06f	3acc18d	date+subject
e43d0aa	cc53b2e	date+subject
e4407fb	b849f06	date+subject
e45fd09	f20e1ab	date+subject
e48090f	4f6cbb7	date+subject
e4890ce	c88baa1	date+subject
e4a038b	f583c5e	date+subject
e4a5174	7db0a89	date+subject
e4b3128	fc217e7	date+subject
e54edf3	e5fec90	date+subject
e585a6d	9ed14da	date+subject
e62f00f	0fcb1c8	date+subject
e640d87	9cd1fee	date+subject
e66b3d8	baeeae9	date+subject
e66c985	3740672	date+subject
e67a762	201a1cd	date+subject
e6bab83	8f458c7	date+subject
e6d91a0	088de37	date+subject
e6ee627	e77daa8	date+subject
e701f78	ee96bbc	date+subject
e71e9a3	ff6cef9	date+subject
e71ed9d	d2da0ec	date+subject
e72aedc	12787fc	date+subject
e72ee8c	6d21b81	date+subject
e749275	9af511d	date+subject
e767fbe	a634489	date+subject
e7c76ca	4efed38	date+subject
e807ed9	d7f45c3	date+subject
e8088f1	ed9fd95	date+subject
e82db30	57a6240	date+subject
e85b7c1	d34da9c	date+subject
e88e135	1e50c8f	date+subject
e938f3b	95157a9	date+subject
e954c81	9d16dae	date+subject
e96577a	ccdee51	date+subject
e99c720	4148b03	date+subject
e9a3f6f	8dc2449	date+subject
e9f6ddb	4126cca	date+subject
ea069e1	6cc3dd0	date+subject
ea0f1aa	357b42d	date+subject
ea0fc4c	d247002	date+subject
ea1a0dd	7eaa9f4	date+subject
ea1a721	8bc1c54	date+subject
ea26bf0	b5e5db8	date+subject
ea7e3ab	42e695a	date+subject
ea918f5	2ac7d78	date+subject
eaa19e7	59c288d	date+subject
eabc581	0a6cdfb	date+subject
eb20dc9	9a80546	date+subject
eba7bed	ecbeafb	date+subject
ebac113	c94ba5a	date+subject
ebc5fee	64fedc1	date+subject
ec103b3	33eb6b3	date+subject
ec21bb5	152ea43	date+subject
ec2693f	af5c816	date+subject
ec3ac11	514bd4c	date+subject
ec955ce	2cb8644	date+subject
ecb5a8b	6ae8d6a	date+subject
ece7ddf	156df88	date+subject
ecf94bf	653eee4	date+subject
ed3b0a4	9c1fbb0	date+subject
ed9644c	6e2ab91	date+subject
eda3a49	5bf55d0	date+subject
eda6f14	a580602	date+subject
eda9011	9fddb43	date+subject
edc4a5f	358973b	date+subject
ede896e	ef9fd39	date+subject
ee326ea	2dce3bf	date+subject
ee6edcf	dfb9787	date+subject
eeba2c7	47b6012	date+subject
eebad07	5015368	date+subject
eed8b9c	c6103ad	date+subject
eef4e4f	8879219	date+subject
ef1e4a7	cb0774d	date+subject
ef233e9	1bf2a88	date+subject
ef23ec8	22ecbcd	date+subject
ef28fa2	46fb2f0	date+subject
ef458fb	4439adc	date+subject
ef50705	2560aa0	date+subject
efa5fe4	3c63b42	date+subject
efb5729	2d86a9e	date+subject
efc3f25	4850935	date+subject
f092884	d2b00f9	date+subject
f09bb38	3570b2b	date+subject
f0ac8d3	3cb5986	date+subject
f0ccf2b	0be0d1e	date+subject
f0ced92	514ecdf	date+subject
f108d08	7b0c07a	date+subject
f14274b	dc647cd	date+subject
f16d7ce	b69a556	date+subject
f184289	4c31c9e	date+subject
f1b51c7	fe3c667	date+subject
f1ba3b0	fe60a45	date+subject
f209402	e6e622e	date+subject
f22aaf6	924aaee	date+subject
f23a879	04781fd	date+subject
f23cc69	9381edd	date+subject
f2514e2	728ca08	date+subject
f26c314	2e4c56c	date+subject
f276a1a	e0fc664	date+subject
f287785	32da4df	date+subject
f289f54	f0475d3	date+subject
f28cdbf	b4a041d	date+subject
f2c56ad	e327d40	date+subject
f327798	5fdc49e	date+subject
f3751d2	f2ac930	date+subject
f388730	1591bc6	date+subject
f39e0f9	4ba8838	date+subject
f3fd63c	1b610dc	date+subject
f405524	7db49d2	date+subject
f4825d7	1553ca9	date+subject
f49b5a4	7498e09	date+subject
f4a7078	200eef3	date+subject
f4ebd20	cb3a0f7	date+subject
f4f9b48	a4b699d	date+subject
f521de7	dff4a7d	date+subject
f5b6e83	3e91858	date+subject
f5e43a8	8db6ece	date+subject
f61f023	76fd505	date+subject
f62753a	9d84165	date+subject
f63975e	ad90740	date+subject
f63dea3	d4d1157	date+subject
f653687	ba478e4	date+subject
f6be5e7	52a4fcb	date+subject
f6eadf3	e69127b	date+subject
f70f3c2	351798e	date+subject
f713c1f	caacf58	date+subject
f76ee81	acf328c	date+subject
f7cf7c7	96ba9d1	date+subject
f7e146a	b9a1c5a	date+subject
f82aa15	aefce97	date+subject
f86fbb0	61c7646	date+subject
f87e78e	08aad62	date+subject
f8a0834	0a3e6ee	date+subject
f941129	0608b22	date+subject
f980049	5e43c41	date+subject
f984748	7b0461c	date+subject
f9af8f6	f22b0af	date+subject
f9e20fc	0525a13	date+subject
f9f2233	47eabea	date+subject
fa4103c	e63a1d3	date+subject
fa64c77	cdc1d21	date+subject
fa81c04	3320b23	date+subject
fa8662d	49f6ad7	date+subject
fae1f57	eba5393	date+subject
faecbcd	f2ae8fa	date+subject
faf361b	62fbfa9	date+subject
fb3374f	aab62b5	date+subject
fb3842a	65875c5	date+subject
fb3fa0a	e926cee	date+subject
fb63f09	5fd7f7c	date+subject
fb73853	63b8a2b	date+subject
fb86854	620b2c8	date+subject
fbf5cf3	4329185	date+subject
fc1ac39	36182f8	date+subject
fc1ecf7	2e01d19	date+subject
fc3fd40	c28a772	date+subject
fc5506d	1e5fab7	date+subject
fca3f9a	612e84f	date+subject
fcbf3b4	f9b26b0	date+subject
fcd6a10	5449fc0	date+subject
fcea207	ae1efa1	date+subject
fceb186	b171cc8	date+subject
fd72568	d96a253	date+subject
fdaeda8	cf92686	date+subject
fdb4474	a3a19bb	date+subject
fdbf68b	7794764	date+subject
fe3401c	c92b7b1	date+subject
fe3babf	4b5992e	date+subject
fe51338	4095eac	date+subject
fe6c88a	f15954d	date+subject
fe79e8f	151781d	date+subject
fe87add	b0ce7ea	date+subject
fea3d91	42a79f7	date+subject
fed3f69	a9c2017	date+subject
ff003df	d5d903d	date+subject
ff28cfe	459b9eb	date+subject
ff43d08	9cab484	date+subject
ff5bdc5	44c43c8	date+subject
ff762f2	f5a9d43	date+subject
ff8e17d	841f14d	date+subject
ff8fce3	ba5b529	date+subject
ffccb00	97515ec	date+subject
